ID,Surname,Name,Patronymic,Birthday,Reg_date,Email,Phone,Gender,Photopath
1,Кузьмина,Дэнна,Витальевна,1993-08-24,2016-03-27,nichoj@mac.com,7(9940)977-45-73 ,ж,
2,Мамонтова,Марфа,Мироновна,1984-10-19,2018-02-27,rfoley@verizon.net,7(38)095-64-18 ,ж,
3,Степанова,Амелия,Робертовна,1970-06-06,2017-09-27,rasca@hotmail.com,7(1217)441-28-42 ,ж,
4,Колесникова,Алина,Еремеевна,2001-04-19,2017-01-18,gfxguy@outlook.com,7(74)977-39-71 ,ж,
5,Морозов,Наум,Валерьянович,1985-07-04,2016-05-02,salesgeek@mac.com,7(636)050-96-13 ,м,
6,Сысоева,Дарина,Ярославовна,1982-02-03,2016-05-13,treit@verizon.net,7(0698)387-96-04 ,ж,
7,Горбачёва,Никки,Еремеевна,1987-04-21,2018-08-16,chinthaka@att.net,7(94)789-69-20 ,ж,
8,Бирюкова,Инара,Улебовна,1978-07-21,2017-10-01,smpeters@hotmail.com,7(098)346-50-58 ,ж,
9,Киселёв,Устин,Яковлевич,1985-01-08,2018-06-21,dalamb@verizon.net,7(83)334-52-76 ,м,
10,Крюкова,Авигея,Святославовна,2000-08-10,2018-01-03,simone@gmail.com,7(499)318-88-53 ,ж,
11,Костина,Любава,Авксентьевна,1972-07-13,2016-02-26,gordonjcp@hotmail.com,7(6419)959-21-87 ,ж,
12,Попова,Харита,Якуновна,1997-12-16,2016-07-05,firstpr@verizon.net,7(335)386-81-06 ,ж,
13,Андреева,Патрисия,Валерьевна,1993-11-18,2016-07-17,jigsaw@aol.com,7(9648)953-81-26 ,ж,
14,Гусева,Роза,Дмитриевна,1999-02-13,2017-12-12,martyloo@live.com,7(23)064-51-84 ,ж,
15,Быков,Трофим,Константинович,1994-12-20,2016-04-17,jguyer@aol.com,7(3414)460-12-05 ,м,
16,Гусев,Яков,Авксентьевич,1995-12-10,2017-11-20,jdhedden@icloud.com,7(0972)781-11-37 ,м,
17,Турова,Георгина,Семёновна,1974-05-28,2018-02-22,yruan@optonline.net,7(555)321-42-99 ,ж,
18,Трофимова,Альжбета,Якововна,1988-10-22,2017-09-21,gbacon@mac.com,7(1084)658-92-95 ,ж,
19,Баранова,Эльмира,Дмитриевна,1977-01-15,2016-07-08,jgmyers@comcast.net,7(9240)643-15-50 ,ж,
20,Федотов,Осип,Анатольевич,1971-04-13,2018-07-23,breegster@hotmail.com,7(590)702-33-06 ,м,
21,Борисов,Аввакум,Артемович,1974-04-25,2017-03-11,chlim@live.com,7(2296)930-08-88 ,м,
22,Артемьева,Лиза,Максимовна,1996-05-17,2018-10-07,snunez@yahoo.ca,7(696)972-70-21 ,ж,
23,Воронова,Изабелла,Вячеславовна,1999-09-24,2017-12-21,kildjean@sbcglobal.net,7(17)433-44-98 ,ж,
24,Федотова,Сандра,Владленовна,1985-03-29,2016-11-08,penna@verizon.net,7(126)195-25-86 ,ж,
25,Ефремов,Витольд,Авксентьевич,1975-12-02,2018-04-09,kwilliams@yahoo.ca,7(93)922-14-03 ,м,
26,Ермакова,Алла,Мироновна,1976-01-22,2017-02-09,whimsy@aol.com,7(06)437-13-73 ,ж,
27,Шашкова,Гелла,Эдуардовна,1979-02-24,2016-11-16,jadavis@mac.com,7(57)446-21-04 ,ж,
28,Быкова,Тала,Георгьевна,2000-02-22,2016-08-13,ganter@optonline.net,7(13)915-53-53 ,ж,
29,Орлова,Влада,Мартыновна,1990-06-26,2016-03-21,rnelson@yahoo.ca,7(2506)433-38-35 ,ж,
30,Анисимова,Тамара,Витальевна,1988-06-16,2016-02-25,schwaang@mac.com,7(66)128-04-10 ,ж,
31,Архипова,Прасковья,Валерьевна,1979-01-09,2018-07-23,cgcra@live.com,7(86)540-10-21 ,ж,
32,Новиков,Адриан,Аркадьевич,1974-01-15,2018-11-23,multiplx@verizon.net,7(70)572-33-62 ,м,
33,Лазарева,Эльвина,Робертовна,1996-02-16,2018-04-11,ahuillet@comcast.net,7(5564)609-81-37 ,ж,
34,Афанасьева,Розалия,Макаровна,1977-05-01,2017-09-06,malattia@hotmail.com,7(0661)413-23-32 ,ж,
35,Устинова,Юнона,Валентиновна,1982-08-08,2017-05-28,kempsonc@live.com,7(33)367-13-07,ж,
36,Алексеева,Элина,Матвеевна,2002-05-07,2018-03-28,pthomsen@verizon.net,7(8086)245-64-81 ,ж,
37,Гущина,Янита,Федоровна,1999-03-02,2018-02-01,lishoy@att.net,7(4544)716-68-96 ,ж,
38,Суворова,Божена,Анатольевна,1981-03-09,2016-01-28,attwood@aol.com,7(347)895-86-57 ,ж,
39,Горшкова,Марта,Иосифовна,2001-02-13,2016-08-04,gbacon@mac.com,7(544)650-59-03,ж,
40,Смирнов,Мартын,Арсеньевич,1996-06-25,2017-02-07,haddawy@live.com,7(6251)589-02-43 ,м,
41,Корнилова,Анэля,Михайловна,1973-04-02,2016-05-22,jonathan@aol.com,7(20)980-01-60 ,ж,
42,Ефимова,Магда,Платоновна,1995-08-16,2017-08-01,rbarreira@me.com,7(9261)386-15-92 ,ж,
43,Бурова,Светлана,Лукьевна,1979-01-04,2016-10-13,wsnyder@aol.com,7(358)173-82-21 ,ж,
44,Сидорова,Татьяна,Михайловна,1974-04-24,2018-10-03,tbeck@mac.com,7(51)732-91-79 ,ж,
45,Ершова,Номи,Андреевна,2001-09-13,2016-06-30,miltchev@mac.com,7(7757)315-90-99 ,ж,
46,Овчинникова,Лаура,Еремеевна,1992-04-03,2018-11-24,carcus@yahoo.ca,7(85)829-33-79 ,ж,
47,Мишина,Иветта,Андреевна,2002-10-05,2016-01-24,aukjan@yahoo.com,7(3926)244-81-96 ,ж,
48,Колобова,Злата,Романовна,1994-08-25,2016-12-03,sinkou@aol.com,7(50)884-07-35 ,ж,
49,Селиверстов,Глеб,Максимович,1999-06-20,2016-01-07,jigsaw@sbcglobal.net,7(20)554-28-68 ,м,
50,Дмитриева,Элина,Даниловна,1988-12-10,2017-02-11,vmalik@live.com,7(787)140-48-84 ,ж,
